Chr	Start	End	CE_start	CE_end
NW_003302555.1	1	33132539	16566269.5	16566769.5
NW_003302554.1	1	19320864	9660432	9660932
NW_003302553.1	1	24464547	12232273.5	12232773.5
NW_003302552.1	1	23328337	11664168.5	11664668.5
NW_003302551.1	1	21221946	10610973	10611473
NW_003302550.1	1	25113588	12556794	12557294
NW_003302549.1	1	24649197	12324598.5	12325098.5
NW_003302548.1	1	22951293	11475646.5	11476146.5
NW_003302547.1	1	1906741	953370.5	953870.5
NW_003302546.1	1	461865	230932.5	231432.5
NW_003302545.1	1	440609	220304.5	220804.5
NW_003302544.1	1	274490	137245	137745
NW_003302543.1	1	361337	180668.5	181168.5
NW_003302542.1	1	269926	134963	135463
NW_003302541.1	1	170080	85040	85540
NW_003302540.1	1	170241	85120.5	85620.5
NW_003302539.1	1	163736	81868	82368
NW_003302538.1	1	129820	64910	65410
NW_003302537.1	1	100232	50116	50616
NW_003302536.1	1	154816	77408	77908
NW_003302535.1	1	77967	38983.5	39483.5
NW_003302534.1	1	95112	47556	48056
NW_003302533.1	1	72324	36162	36662
NW_003302532.1	1	76307	38153.5	38653.5
NW_003302531.1	1	171326	85663	86163
NW_003302530.1	1	79363	39681.5	40181.5
NW_003302529.1	1	82702	41351	41851
NW_003302528.1	1	77981	38990.5	39490.5
NW_003302527.1	1	104288	52144	52644
NW_003302526.1	1	67898	33949	34449
NW_003302525.1	1	127197	63598.5	64098.5
NW_003302524.1	1	82892	41446	41946
NW_003302523.1	1	85588	42794	43294
NW_003302522.1	1	55443	27721.5	28221.5
NW_003302521.1	1	50885	25442.5	25942.5
NW_003302520.1	1	54598	27299	27799
NW_003302519.1	1	56741	28370.5	28870.5
NW_003302518.1	1	83393	41696.5	42196.5
NW_003302517.1	1	58977	29488.5	29988.5
NW_003302516.1	1	50189	25094.5	25594.5
NW_003302515.1	1	82330	41165	41665
NW_003302514.1	1	60900	30450	30950
NW_003302513.1	1	57915	28957.5	29457.5
NW_003302512.1	1	42563	21281.5	21781.5
NW_003302511.1	1	59709	29854.5	30354.5
NW_003302510.1	1	35077	17538.5	18038.5
NW_003302509.1	1	58233	29116.5	29616.5
NW_003302508.1	1	60404	30202	30702
NW_003302507.1	1	54680	27340	27840
NW_003302506.1	1	37089	18544.5	19044.5
NW_003302505.1	1	30383	15191.5	15691.5
NW_003302504.1	1	51199	25599.5	26099.5
NW_003302503.1	1	48666	24333	24833
NW_003302502.1	1	28436	14218	14718
NW_003302501.1	1	42762	21381	21881
NW_003302500.1	1	30586	15293	15793
NW_003302499.1	1	28414	14207	14707
NW_003302498.1	1	27939	13969.5	14469.5
NW_003302497.1	1	26592	13296	13796
NW_003302496.1	1	30081	15040.5	15540.5
NW_003302495.1	1	26132	13066	13566
NW_003302494.1	1	26910	13455	13955
NW_003302493.1	1	44312	22156	22656
NW_003302492.1	1	24864	12432	12932
NW_003302491.1	1	47761	23880.5	24380.5
NW_003302490.1	1	24006	12003	12503
NW_003302489.1	1	47099	23549.5	24049.5
NW_003302488.1	1	50767	25383.5	25883.5
NW_003302487.1	1	24147	12073.5	12573.5
NW_003302486.1	1	22846	11423	11923
NW_003302485.1	1	22400	11200	11700
NW_003302484.1	1	22377	11188.5	11688.5
NW_003302483.1	1	41166	20583	21083
NW_003302482.1	1	21493	10746.5	11246.5
NW_003302481.1	1	22403	11201.5	11701.5
NW_003302480.1	1	20962	10481	10981
NW_003302479.1	1	21256	10628	11128
NW_003302478.1	1	20959	10479.5	10979.5
NW_003302477.1	1	20430	10215	10715
NW_003302476.1	1	20070	10035	10535
NW_003302475.1	1	20787	10393.5	10893.5
NW_003302474.1	1	42950	21475	21975
NW_003302473.1	1	20827	10413.5	10913.5
NW_003302472.1	1	19564	9782	10282
NW_003302471.1	1	19435	9717.5	10217.5
NW_003302470.1	1	19422	9711	10211
NW_003301861.1	1	19382	9691	10191
NW_003302469.1	1	21951	10975.5	11475.5
NW_003302468.1	1	19913	9956.5	10456.5
NW_003302467.1	1	19368	9684	10184
NW_003302466.1	1	18658	9329	9829
NW_003302465.1	1	18722	9361	9861
NW_003302464.1	1	19715	9857.5	10357.5
NW_003302463.1	1	18511	9255.5	9755.5
NW_003302462.1	1	19147	9573.5	10073.5
NW_003302461.1	1	18776	9388	9888
NW_003302460.1	1	18393	9196.5	9696.5
NW_003302459.1	1	18728	9364	9864
NW_003302458.1	1	18203	9101.5	9601.5
NW_003302457.1	1	18967	9483.5	9983.5
NW_003302456.1	1	19286	9643	10143
NW_003302455.1	1	18177	9088.5	9588.5
NW_003302454.1	1	18049	9024.5	9524.5
NW_003302453.1	1	17628	8814	9314
NW_003302452.1	1	17624	8812	9312
NW_003302451.1	1	17526	8763	9263
NW_003302450.1	1	17620	8810	9310
NW_003302449.1	1	17394	8697	9197
NW_003302448.1	1	42461	21230.5	21730.5
NW_003302447.1	1	17905	8952.5	9452.5
NW_003302446.1	1	16847	8423.5	8923.5
NW_003302445.1	1	17353	8676.5	9176.5
NW_003302444.1	1	19386	9693	10193
NW_003302443.1	1	16071	8035.5	8535.5
NW_003302442.1	1	16148	8074	8574
NW_003302441.1	1	16358	8179	8679
NW_003302440.1	1	17702	8851	9351
NW_003302439.1	1	15971	7985.5	8485.5
NW_003302438.1	1	15851	7925.5	8425.5
NW_003302437.1	1	15836	7918	8418
NW_003302436.1	1	16014	8007	8507
NW_003302435.1	1	49487	24743.5	25243.5
NW_003302434.1	1	16599	8299.5	8799.5
NW_003302433.1	1	15673	7836.5	8336.5
NW_003302432.1	1	15141	7570.5	8070.5
NW_003302431.1	1	15208	7604	8104
NW_003302430.1	1	14793	7396.5	7896.5
NW_003302429.1	1	14777	7388.5	7888.5
NW_003302428.1	1	15941	7970.5	8470.5
NW_003302427.1	1	14583	7291.5	7791.5
NW_003302426.1	1	14826	7413	7913
NW_003302425.1	1	14397	7198.5	7698.5
NW_003302424.1	1	14860	7430	7930
NW_003302423.1	1	41385	20692.5	21192.5
NW_003302422.1	1	14062	7031	7531
NW_003302421.1	1	14063	7031.5	7531.5
NW_003302420.1	1	14608	7304	7804
NW_003302419.1	1	14737	7368.5	7868.5
NW_003302418.1	1	13678	6839	7339
NW_003302417.1	1	14542	7271	7771
NW_003302416.1	1	14784	7392	7892
NW_003302415.1	1	13548	6774	7274
NW_003302414.1	1	14456	7228	7728
NW_003302413.1	1	14150	7075	7575
NW_003302412.1	1	12995	6497.5	6997.5
NW_003302411.1	1	13037	6518.5	7018.5
NW_003302410.1	1	12758	6379	6879
NW_003302409.1	1	12741	6370.5	6870.5
NW_003302408.1	1	12734	6367	6867
NW_003302407.1	1	13614	6807	7307
NW_003302406.1	1	12820	6410	6910
NW_003302405.1	1	13490	6745	7245
NW_003302404.1	1	12623	6311.5	6811.5
NW_003302403.1	1	12589	6294.5	6794.5
NW_003302402.1	1	12939	6469.5	6969.5
NW_003302401.1	1	12671	6335.5	6835.5
NW_003302400.1	1	12667	6333.5	6833.5
NW_003302399.1	1	12503	6251.5	6751.5
NW_003302398.1	1	12567	6283.5	6783.5
NW_003302397.1	1	12465	6232.5	6732.5
NW_003302396.1	1	14935	7467.5	7967.5
NW_003302395.1	1	12436	6218	6718
NW_003302394.1	1	12774	6387	6887
NW_003302393.1	1	14339	7169.5	7669.5
NW_003302392.1	1	12137	6068.5	6568.5
NW_003302391.1	1	14132	7066	7566
NW_003302390.1	1	12195	6097.5	6597.5
NW_003302389.1	1	12023	6011.5	6511.5
NW_003302388.1	1	11955	5977.5	6477.5
NW_003302387.1	1	13216	6608	7108
NW_003302386.1	1	12746	6373	6873
NW_003302385.1	1	11975	5987.5	6487.5
NW_003302384.1	1	11778	5889	6389
NW_003302383.1	1	11761	5880.5	6380.5
NW_003302382.1	1	11720	5860	6360
NW_003302381.1	1	12482	6241	6741
NW_003302380.1	1	11791	5895.5	6395.5
NW_003302379.1	1	11945	5972.5	6472.5
NW_003302378.1	1	11661	5830.5	6330.5
NW_003302377.1	1	11656	5828	6328
NW_003302376.1	1	11543	5771.5	6271.5
NW_003302375.1	1	11536	5768	6268
NW_003302374.1	1	11642	5821	6321
NW_003302373.1	1	11483	5741.5	6241.5
NW_003302372.1	1	11573	5786.5	6286.5
NW_003302371.1	1	11547	5773.5	6273.5
NW_003302370.1	1	12066	6033	6533
NW_003302369.1	1	11345	5672.5	6172.5
NW_003302368.1	1	11642	5821	6321
NW_003302367.1	1	11263	5631.5	6131.5
NW_003302366.1	1	11236	5618	6118
NW_003302365.1	1	11275	5637.5	6137.5
NW_003302364.1	1	11173	5586.5	6086.5
NW_003302363.1	1	11173	5586.5	6086.5
NW_003302362.1	1	11253	5626.5	6126.5
NW_003302361.1	1	11135	5567.5	6067.5
NW_003302360.1	1	11233	5616.5	6116.5
NW_003302359.1	1	11521	5760.5	6260.5
NW_003302358.1	1	11518	5759	6259
NW_003302357.1	1	11334	5667	6167
NW_003302356.1	1	11163	5581.5	6081.5
NW_003302355.1	1	11661	5830.5	6330.5
NW_003302354.1	1	11393	5696.5	6196.5
NW_003302353.1	1	10755	5377.5	5877.5
NW_003302352.1	1	10573	5286.5	5786.5
NW_003302351.1	1	10500	5250	5750
NW_003302350.1	1	10478	5239	5739
NW_003302349.1	1	11290	5645	6145
NW_003302348.1	1	10534	5267	5767
NW_003302347.1	1	10982	5491	5991
NW_003302346.1	1	11519	5759.5	6259.5
NW_003302345.1	1	10597	5298.5	5798.5
NW_003302344.1	1	10276	5138	5638
NW_003302343.1	1	10266	5133	5633
NW_003302342.1	1	10363	5181.5	5681.5
NW_003302341.1	1	10362	5181	5681
NW_003302340.1	1	10202	5101	5601
NW_003302339.1	1	10268	5134	5634
NW_003302338.1	1	10133	5066.5	5566.5
NW_003302337.1	1	13661	6830.5	7330.5
NW_003302336.1	1	10227	5113.5	5613.5
NW_003302335.1	1	10106	5053	5553
NW_003302334.1	1	10091	5045.5	5545.5
NW_003302333.1	1	10182	5091	5591
NW_003302332.1	1	10021	5010.5	5510.5
NW_003302331.1	1	9954	4977	5477
NW_003302330.1	1	11111	5555.5	6055.5
NW_003302329.1	1	10914	5457	5957
NW_003302328.1	1	9767	4883.5	5383.5
NW_003302327.1	1	9724	4862	5362
NW_003302326.1	1	9656	4828	5328
NW_003302325.1	1	13369	6684.5	7184.5
NW_003302324.1	1	9588	4794	5294
NW_003302323.1	1	10118	5059	5559
NW_003302322.1	1	9444	4722	5222
NW_003302321.1	1	9416	4708	5208
NW_003302320.1	1	9371	4685.5	5185.5
NW_003302319.1	1	9336	4668	5168
NW_003302318.1	1	9326	4663	5163
NW_003302317.1	1	9323	4661.5	5161.5
NW_003302316.1	1	9319	4659.5	5159.5
NW_003302315.1	1	9405	4702.5	5202.5
NW_003302314.1	1	9505	4752.5	5252.5
NW_003302313.1	1	9298	4649	5149
NW_003302312.1	1	9289	4644.5	5144.5
NW_003302311.1	1	10120	5060	5560
NW_003302310.1	1	9256	4628	5128
NW_003302309.1	1	11265	5632.5	6132.5
NW_003302308.1	1	9251	4625.5	5125.5
NW_003302307.1	1	9250	4625	5125
NW_003302306.1	1	9246	4623	5123
NW_003302305.1	1	9344	4672	5172
NW_003302304.1	1	9205	4602.5	5102.5
NW_003302303.1	1	9157	4578.5	5078.5
NW_003302302.1	1	9149	4574.5	5074.5
NW_003302301.1	1	10030	5015	5515
NW_003302300.1	1	9041	4520.5	5020.5
NW_003302299.1	1	9014	4507	5007
NW_003302298.1	1	9090	4545	5045
NW_003302297.1	1	9531	4765.5	5265.5
NW_003302296.1	1	8943	4471.5	4971.5
NW_003302295.1	1	8942	4471	4971
NW_003302294.1	1	9003	4501.5	5001.5
NW_003302293.1	1	9041	4520.5	5020.5
NW_003302292.1	1	8876	4438	4938
NW_003302291.1	1	11842	5921	6421
NW_003302290.1	1	8855	4427.5	4927.5
NW_003302289.1	1	9273	4636.5	5136.5
NW_003302288.1	1	8822	4411	4911
NW_003302287.1	1	8803	4401.5	4901.5
NW_003302286.1	1	8802	4401	4901
NW_003302285.1	1	8802	4401	4901
NW_003302284.1	1	8774	4387	4887
NW_003302283.1	1	8774	4387	4887
NW_003302282.1	1	8873	4436.5	4936.5
NW_003302281.1	1	8868	4434	4934
NW_003302280.1	1	38674	19337	19837
NW_003302279.1	1	9797	4898.5	5398.5
NW_003302278.1	1	8733	4366.5	4866.5
NW_003302277.1	1	8738	4369	4869
NW_003302276.1	1	8535	4267.5	4767.5
NW_003302275.1	1	8508	4254	4754
NW_003302274.1	1	9516	4758	5258
NW_003302273.1	1	8402	4201	4701
NW_003302272.1	1	8929	4464.5	4964.5
NW_003302271.1	1	8363	4181.5	4681.5
NW_003302270.1	1	8592	4296	4796
NW_003302269.1	1	8939	4469.5	4969.5
NW_003302268.1	1	8224	4112	4612
NW_003302267.1	1	8084	4042	4542
NW_003302266.1	1	8283	4141.5	4641.5
NW_003302265.1	1	8111	4055.5	4555.5
NW_003302264.1	1	11063	5531.5	6031.5
NW_003302263.1	1	8366	4183	4683
NW_003302262.1	1	7840	3920	4420
NW_003302261.1	1	7728	3864	4364
NW_003302260.1	1	7726	3863	4363
NW_003302259.1	1	7683	3841.5	4341.5
NW_003302258.1	1	8404	4202	4702
NW_003302257.1	1	7762	3881	4381
NW_003302256.1	1	7656	3828	4328
NW_003302255.1	1	7748	3874	4374
NW_003302254.1	1	7615	3807.5	4307.5
NW_003302253.1	1	8626	4313	4813
NW_003302252.1	1	7567	3783.5	4283.5
NW_003302251.1	1	7466	3733	4233
NW_003302250.1	1	7466	3733	4233
NW_003302249.1	1	7416	3708	4208
NW_003302248.1	1	8167	4083.5	4583.5
NW_003302247.1	1	7539	3769.5	4269.5
NW_003302246.1	1	7712	3856	4356
NW_003302245.1	1	8208	4104	4604
NW_003302244.1	1	7818	3909	4409
NW_003302243.1	1	7398	3699	4199
NW_003302242.1	1	7174	3587	4087
NW_003302241.1	1	7632	3816	4316
NW_003302240.1	1	7147	3573.5	4073.5
NW_003302239.1	1	8265	4132.5	4632.5
NW_003302238.1	1	7598	3799	4299
NW_003302237.1	1	7083	3541.5	4041.5
NW_003302236.1	1	7057	3528.5	4028.5
NW_003302235.1	1	7167	3583.5	4083.5
NW_003302234.1	1	7831	3915.5	4415.5
NW_003302233.1	1	7204	3602	4102
NW_003302232.1	1	7843	3921.5	4421.5
NW_003302231.1	1	7365	3682.5	4182.5
NW_003302230.1	1	8359	4179.5	4679.5
NW_003302229.1	1	7093	3546.5	4046.5
NW_003302228.1	1	6892	3446	3946
NW_003302227.1	1	7203	3601.5	4101.5
NW_003302226.1	1	7775	3887.5	4387.5
NW_003302225.1	1	7120	3560	4060
NW_003302224.1	1	6821	3410.5	3910.5
NW_003302223.1	1	7116	3558	4058
NW_003302222.1	1	7089	3544.5	4044.5
NW_003302221.1	1	7466	3733	4233
NW_003302220.1	1	6784	3392	3892
NW_003302219.1	1	7480	3740	4240
NW_003302218.1	1	7252	3626	4126
NW_003302217.1	1	6643	3321.5	3821.5
NW_003302216.1	1	6608	3304	3804
NW_003302215.1	1	6594	3297	3797
NW_003302214.1	1	7398	3699	4199
NW_003302213.1	1	7365	3682.5	4182.5
NW_003302212.1	1	6505	3252.5	3752.5
NW_003302211.1	1	6900	3450	3950
NW_003302210.1	1	6553	3276.5	3776.5
NW_003302209.1	1	6411	3205.5	3705.5
NW_003302208.1	1	6382	3191	3691
NW_003302207.1	1	6361	3180.5	3680.5
NW_003302206.1	1	6360	3180	3680
NW_003302205.1	1	6326	3163	3663
NW_003302204.1	1	7565	3782.5	4282.5
NW_003302203.1	1	6372	3186	3686
NW_003302202.1	1	6269	3134.5	3634.5
NW_003302201.1	1	7120	3560	4060
NW_003302200.1	1	7151	3575.5	4075.5
NW_003302199.1	1	7813	3906.5	4406.5
NW_003302198.1	1	7074	3537	4037
NW_003302197.1	1	7366	3683	4183
NW_003302196.1	1	6083	3041.5	3541.5
NW_003302195.1	1	6283	3141.5	3641.5
NW_003302194.1	1	6061	3030.5	3530.5
NW_003302193.1	1	6765	3382.5	3882.5
NW_003302192.1	1	6014	3007	3507
NW_003302191.1	1	6109	3054.5	3554.5
NW_003302190.1	1	6009	3004.5	3504.5
NW_003302189.1	1	8876	4438	4938
NW_003302188.1	1	5983	2991.5	3491.5
NW_003302187.1	1	5973	2986.5	3486.5
NW_003302186.1	1	5959	2979.5	3479.5
NW_003302185.1	1	6219	3109.5	3609.5
NW_003302184.1	1	5937	2968.5	3468.5
NW_003302183.1	1	5936	2968	3468
NW_003302182.1	1	5927	2963.5	3463.5
NW_003302181.1	1	5890	2945	3445
NW_003302180.1	1	6689	3344.5	3844.5
NW_003302179.1	1	5857	2928.5	3428.5
NW_003302178.1	1	7625	3812.5	4312.5
NW_003302177.1	1	5841	2920.5	3420.5
NW_003302176.1	1	5806	2903	3403
NW_003302175.1	1	6190	3095	3595
NW_003302174.1	1	6032	3016	3516
NW_003302173.1	1	6717	3358.5	3858.5
NW_003302172.1	1	6031	3015.5	3515.5
NW_003302171.1	1	6162	3081	3581
NW_003302170.1	1	5688	2844	3344
NW_003302169.1	1	5673	2836.5	3336.5
NW_003302168.1	1	6542	3271	3771
NW_003302167.1	1	5644	2822	3322
NW_003302166.1	1	6315	3157.5	3657.5
NW_003302165.1	1	6294	3147	3647
NW_003302164.1	1	5576	2788	3288
NW_003302163.1	1	5574	2787	3287
NW_003302162.1	1	5563	2781.5	3281.5
NW_003302161.1	1	6537	3268.5	3768.5
NW_003302160.1	1	8921	4460.5	4960.5
NW_003302159.1	1	5482	2741	3241
NW_003302158.1	1	5482	2741	3241
NW_003302157.1	1	5482	2741	3241
NW_003302156.1	1	5459	2729.5	3229.5
NW_003302155.1	1	5457	2728.5	3228.5
NW_003302154.1	1	5629	2814.5	3314.5
NW_003302153.1	1	5424	2712	3212
NW_003302152.1	1	6847	3423.5	3923.5
NW_003302151.1	1	5373	2686.5	3186.5
NW_003302150.1	1	5829	2914.5	3414.5
NW_003302149.1	1	5368	2684	3184
NW_003302148.1	1	5820	2910	3410
NW_003302147.1	1	6019	3009.5	3509.5
NW_003302146.1	1	6504	3252	3752
NW_003302145.1	1	5493	2746.5	3246.5
NW_003302144.1	1	5283	2641.5	3141.5
NW_003302143.1	1	5261	2630.5	3130.5
NW_003302142.1	1	5252	2626	3126
NW_003302141.1	1	5225	2612.5	3112.5
NW_003302140.1	1	5205	2602.5	3102.5
NW_003302139.1	1	5359	2679.5	3179.5
NW_003302138.1	1	5160	2580	3080
NW_003302137.1	1	5156	2578	3078
NW_003302136.1	1	5148	2574	3074
NW_003302135.1	1	5148	2574	3074
NW_003302134.1	1	5827	2913.5	3413.5
NW_003302133.1	1	5241	2620.5	3120.5
NW_003302132.1	1	5140	2570	3070
NW_003302131.1	1	5132	2566	3066
NW_003302130.1	1	5128	2564	3064
NW_003302129.1	1	5121	2560.5	3060.5
NW_003302128.1	1	5118	2559	3059
NW_003302127.1	1	5491	2745.5	3245.5
NW_003302126.1	1	5112	2556	3056
NW_003302125.1	1	6837	3418.5	3918.5
NW_003302124.1	1	5864	2932	3432
NW_003302123.1	1	5083	2541.5	3041.5
NW_003302122.1	1	5059	2529.5	3029.5
NW_003302121.1	1	5240	2620	3120
NW_003302120.1	1	5213	2606.5	3106.5
NW_003302119.1	1	5054	2527	3027
NW_003302118.1	1	5141	2570.5	3070.5
NW_003302117.1	1	5838	2919	3419
NW_003302116.1	1	5534	2767	3267
NW_003302115.1	1	5026	2513	3013
NW_003302114.1	1	5023	2511.5	3011.5
NW_003302113.1	1	4983	2491.5	2991.5
NW_003302112.1	1	5113	2556.5	3056.5
NW_003302111.1	1	5175	2587.5	3087.5
NW_003302110.1	1	4979	2489.5	2989.5
NW_003302109.1	1	5067	2533.5	3033.5
NW_003302108.1	1	4965	2482.5	2982.5
NW_003302107.1	1	4959	2479.5	2979.5
NW_003302106.1	1	4958	2479	2979
NW_003302105.1	1	6290	3145	3645
NW_003302104.1	1	5366	2683	3183
NW_003302103.1	1	7009	3504.5	4004.5
NW_003302102.1	1	4917	2458.5	2958.5
NW_003302101.1	1	4912	2456	2956
NW_003302100.1	1	4872	2436	2936
NW_003302099.1	1	4863	2431.5	2931.5
NW_003302098.1	1	4861	2430.5	2930.5
NW_003302097.1	1	4853	2426.5	2926.5
NW_003302096.1	1	5243	2621.5	3121.5
NW_003302095.1	1	5313	2656.5	3156.5
NW_003302094.1	1	4834	2417	2917
NW_003302093.1	1	4825	2412.5	2912.5
NW_003302092.1	1	5424	2712	3212
NW_003302091.1	1	4814	2407	2907
NW_003302090.1	1	4797	2398.5	2898.5
NW_003302089.1	1	4780	2390	2890
NW_003302088.1	1	5275	2637.5	3137.5
NW_003302087.1	1	4746	2373	2873
NW_003302086.1	1	4745	2372.5	2872.5
NW_003302085.1	1	4737	2368.5	2868.5
NW_003302084.1	1	4732	2366	2866
NW_003302083.1	1	4726	2363	2863
NW_003302082.1	1	4724	2362	2862
NW_003302081.1	1	4713	2356.5	2856.5
NW_003302080.1	1	4712	2356	2856
NW_003302079.1	1	4703	2351.5	2851.5
NW_003302078.1	1	4685	2342.5	2842.5
NW_003302077.1	1	4673	2336.5	2836.5
NW_003302076.1	1	5666	2833	3333
NW_003302075.1	1	4661	2330.5	2830.5
NW_003302074.1	1	4660	2330	2830
NW_003302073.1	1	4645	2322.5	2822.5
NW_003302072.1	1	4643	2321.5	2821.5
NW_003302071.1	1	4630	2315	2815
NW_003302070.1	1	5050	2525	3025
NW_003302069.1	1	4621	2310.5	2810.5
NW_003302068.1	1	4616	2308	2808
NW_003302067.1	1	4606	2303	2803
NW_003302066.1	1	4691	2345.5	2845.5
NW_003302065.1	1	6232	3116	3616
NW_003302064.1	1	4584	2292	2792
NW_003302063.1	1	4582	2291	2791
NW_003302062.1	1	4573	2286.5	2786.5
NW_003302061.1	1	4960	2480	2980
NW_003302060.1	1	4536	2268	2768
NW_003302059.1	1	4521	2260.5	2760.5
NW_003302058.1	1	4662	2331	2831
NW_003302057.1	1	4495	2247.5	2747.5
NW_003302056.1	1	4595	2297.5	2797.5
NW_003302055.1	1	4478	2239	2739
NW_003302054.1	1	4474	2237	2737
NW_003302053.1	1	4606	2303	2803
NW_003302052.1	1	4568	2284	2784
NW_003302051.1	1	4458	2229	2729
NW_003302050.1	1	4554	2277	2777
NW_003302049.1	1	4443	2221.5	2721.5
NW_003302048.1	1	4441	2220.5	2720.5
NW_003302047.1	1	5066	2533	3033
NW_003302046.1	1	4429	2214.5	2714.5
NW_003302045.1	1	4423	2211.5	2711.5
NW_003302044.1	1	4415	2207.5	2707.5
NW_003302043.1	1	4509	2254.5	2754.5
NW_003302042.1	1	4396	2198	2698
NW_003302041.1	1	4377	2188.5	2688.5
NW_003302040.1	1	4370	2185	2685
NW_003302039.1	1	6854	3427	3927
NW_003302038.1	1	5651	2825.5	3325.5
NW_003302037.1	1	4562	2281	2781
NW_003302036.1	1	4514	2257	2757
NW_003302035.1	1	4331	2165.5	2665.5
NW_003302034.1	1	4539	2269.5	2769.5
NW_003302033.1	1	4310	2155	2655
NW_003302032.1	1	4298	2149	2649
NW_003302031.1	1	4465	2232.5	2732.5
NW_003302030.1	1	4267	2133.5	2633.5
NW_003302029.1	1	4247	2123.5	2623.5
NW_003302028.1	1	4207	2103.5	2603.5
NW_003302027.1	1	4347	2173.5	2673.5
NW_003302026.1	1	4194	2097	2597
NW_003302025.1	1	4344	2172	2672
NW_003302024.1	1	4187	2093.5	2593.5
NW_003302023.1	1	4178	2089	2589
NW_003302022.1	1	4174	2087	2587
NW_003302021.1	1	4626	2313	2813
NW_003302020.1	1	4523	2261.5	2761.5
NW_003302019.1	1	5829	2914.5	3414.5
NW_003302018.1	1	4275	2137.5	2637.5
NW_003302017.1	1	4512	2256	2756
NW_003302016.1	1	4102	2051	2551
NW_003302015.1	1	4099	2049.5	2549.5
NW_003302014.1	1	4097	2048.5	2548.5
NW_003302013.1	1	4092	2046	2546
NW_003302012.1	1	4089	2044.5	2544.5
NW_003302011.1	1	4439	2219.5	2719.5
NW_003302010.1	1	4066	2033	2533
NW_003302009.1	1	4139	2069.5	2569.5
NW_003302008.1	1	4575	2287.5	2787.5
NW_003302007.1	1	4516	2258	2758
NW_003302006.1	1	4494	2247	2747
NW_003302005.1	1	4016	2008	2508
NW_003302004.1	1	5049	2524.5	3024.5
NW_003302003.1	1	4182	2091	2591
NW_003302002.1	1	4285	2142.5	2642.5
NW_003302001.1	1	3968	1984	2484
NW_003302000.1	1	3940	1970	2470
NW_003301999.1	1	4368	2184	2684
NW_003301998.1	1	3930	1965	2465
NW_003301997.1	1	3924	1962	2462
NW_003301996.1	1	4021	2010.5	2510.5
NW_003301995.1	1	3916	1958	2458
NW_003301994.1	1	4320	2160	2660
NW_003301993.1	1	3909	1954.5	2454.5
NW_003301992.1	1	4431	2215.5	2715.5
NW_003301991.1	1	4269	2134.5	2634.5
NW_003301990.1	1	4249	2124.5	2624.5
NW_003301989.1	1	4007	2003.5	2503.5
NW_003301988.1	1	3862	1931	2431
NW_003301987.1	1	3855	1927.5	2427.5
NW_003301986.1	1	4136	2068	2568
NW_003301985.1	1	3846	1923	2423
NW_003301984.1	1	4145	2072.5	2572.5
NW_003301983.1	1	4359	2179.5	2679.5
NW_003301982.1	1	5000	2500	3000
NW_003301981.1	1	4408	2204	2704
NW_003301980.1	1	5088	2544	3044
NW_003301979.1	1	4260	2130	2630
NW_003301978.1	1	4028	2014	2514
NW_003301977.1	1	4098	2049	2549
NW_003301976.1	1	3771	1885.5	2385.5
NW_003301975.1	1	3754	1877	2377
NW_003301974.1	1	3747	1873.5	2373.5
NW_003301973.1	1	3737	1868.5	2368.5
NW_003301972.1	1	4123	2061.5	2561.5
NW_003301971.1	1	3704	1852	2352
NW_003301970.1	1	3697	1848.5	2348.5
NW_003301969.1	1	3647	1823.5	2323.5
NW_003301968.1	1	4338	2169	2669
NW_003301967.1	1	3779	1889.5	2389.5
NW_003301966.1	1	3631	1815.5	2315.5
NW_003301965.1	1	3938	1969	2469
NW_003301964.1	1	3726	1863	2363
NW_003301963.1	1	3617	1808.5	2308.5
NW_003301962.1	1	3616	1808	2308
NW_003301961.1	1	6058	3029	3529
NW_003301960.1	1	4273	2136.5	2636.5
NW_003301959.1	1	3584	1792	2292
NW_003301958.1	1	3571	1785.5	2285.5
NW_003301957.1	1	4209	2104.5	2604.5
NW_003301956.1	1	3538	1769	2269
NW_003301955.1	1	4838	2419	2919
NW_003301954.1	1	4142	2071	2571
NW_003301953.1	1	3949	1974.5	2474.5
NW_003301952.1	1	3891	1945.5	2445.5
NW_003301951.1	1	3785	1892.5	2392.5
NW_003301950.1	1	4042	2021	2521
NW_003301949.1	1	4154	2077	2577
NW_003301948.1	1	4079	2039.5	2539.5
NW_003301947.1	1	3568	1784	2284
NW_003301946.1	1	4054	2027	2527
NW_003301945.1	1	4214	2107	2607
NW_003301944.1	1	4265	2132.5	2632.5
NW_003301943.1	1	3792	1896	2396
NW_003301942.1	1	4203	2101.5	2601.5
NW_003301941.1	1	3429	1714.5	2214.5
NW_003301940.1	1	3426	1713	2213
NW_003301939.1	1	3958	1979	2479
NW_003301938.1	1	4114	2057	2557
NW_003301937.1	1	4148	2074	2574
NW_003301936.1	1	4061	2030.5	2530.5
NW_003301935.1	1	4503	2251.5	2751.5
NW_003301934.1	1	3657	1828.5	2328.5
NW_003301933.1	1	3872	1936	2436
NW_003301932.1	1	3636	1818	2318
NW_003301931.1	1	4210	2105	2605
NW_003301930.1	1	3769	1884.5	2384.5
NW_003301929.1	1	3458	1729	2229
NW_003301928.1	1	3250	1625	2125
NW_003301927.1	1	3807	1903.5	2403.5
NW_003301926.1	1	3881	1940.5	2440.5
NW_003301925.1	1	3794	1897	2397
NW_003301924.1	1	3927	1963.5	2463.5
NW_003301923.1	1	3877	1938.5	2438.5
NW_003301922.1	1	3901	1950.5	2450.5
NW_003301921.1	1	3858	1929	2429
NW_003301920.1	1	3854	1927	2427
NW_003301919.1	1	3507	1753.5	2253.5
NW_003301918.1	1	3862	1931	2431
NW_003301917.1	1	3932	1966	2466
NW_003301916.1	1	3499	1749.5	2249.5
NW_003301915.1	1	4049	2024.5	2524.5
NW_003301914.1	1	3919	1959.5	2459.5
NW_003301913.1	1	3008	1504	2004
NW_003301912.1	1	3679	1839.5	2339.5
NW_003301911.1	1	3368	1684	2184
NW_003301910.1	1	3768	1884	2384
NW_003301909.1	1	3861	1930.5	2430.5
NW_003301908.1	1	3379	1689.5	2189.5
NW_003301907.1	1	3660	1830	2330
NW_003301906.1	1	3146	1573	2073
NW_003301905.1	1	3746	1873	2373
NW_003301904.1	1	3612	1806	2306
NW_003301903.1	1	3621	1810.5	2310.5
NW_003301902.1	1	2691	1345.5	1845.5
NW_003301901.1	1	3782	1891	2391
NW_003301900.1	1	3927	1963.5	2463.5
NW_003301899.1	1	3641	1820.5	2320.5
NW_003301898.1	1	4104	2052	2552
NW_003301897.1	1	3622	1811	2311
NW_003301896.1	1	3510	1755	2255
NW_003301895.1	1	3517	1758.5	2258.5
NW_003301894.1	1	3585	1792.5	2292.5
NW_003301893.1	1	3854	1927	2427
NW_003301892.1	1	3571	1785.5	2285.5
NW_003301891.1	1	3355	1677.5	2177.5
NW_003301890.1	1	3525	1762.5	2262.5
NW_003301889.1	1	3249	1624.5	2124.5
NW_003301888.1	1	3416	1708	2208
NW_003301887.1	1	4311	2155.5	2655.5
NW_003301886.1	1	3595	1797.5	2297.5
NW_003301885.1	1	1964	982	1482
NW_003301884.1	1	3428	1714	2214
NW_003301883.1	1	1840	920	1420
NW_003301882.1	1	3303	1651.5	2151.5
NW_003301881.1	1	1720	860	1360
NW_003301880.1	1	3400	1700	2200
NW_003301879.1	1	1632	816	1316
NW_003301878.1	1	1576	788	1288
NW_003301877.1	1	1567	783.5	1283.5
NW_003301876.1	1	1447	723.5	1223.5
NW_003301875.1	1	1425	712.5	1212.5
NW_003301874.1	1	1413	706.5	1206.5
NW_003301873.1	1	3259	1629.5	2129.5
NW_003301872.1	1	1362	681	1181
NW_003301871.1	1	1249	624.5	1124.5
NW_003301870.1	1	1194	597	1097
NW_003301869.1	1	1174	587	1087
NW_003301868.1	1	1083	541.5	1041.5
NW_003301867.1	1	1078	539	1039
NW_003301866.1	1	1047	523.5	1023.5
NW_003301865.1	1	1037	518.5	1018.5
NW_003301864.1	1	1032	516	1016
NW_003301863.1	1	1017	508.5	1008.5
NW_003301862.1	1	1005	502.5	1002.5
NC_034379.1	1	154923	77461.5	77961.5
