Insertion
Size range,Count,Total bp
50-500 bp,20,3335
500-10000 bp,13,27602
Total,33,30937

Deletion
Size range,Count,Total bp
50-500 bp,21,3308
500-10000 bp,3,12806
Total,24,16114

Tandem_expansion
Size range,Count,Total bp
50-500 bp,1,151
500-10000 bp,10,60911
Total,11,61062

Tandem_contraction
Size range,Count,Total bp
50-500 bp,0,0
500-10000 bp,0,0
Total,0,0

Repeat_expansion
Size range,Count,Total bp
50-500 bp,62,13968
500-10000 bp,178,617763
Total,240,631731

Repeat_contraction
Size range,Count,Total bp
50-500 bp,62,15026
500-10000 bp,432,1793840
Total,494,1808866

Total for all variants,802,2548710 bp
Total for all structural variants,802,2548710 bp
